{"cameraMode":{"drawMode":0,"name":"Shaded","section":"Shading Mode"},"sceneLighting":true,"audioPlay":false,"sceneViewState":{"showFog":true,"showMaterialUpdate":false,"showSkybox":true,"showFlares":true,"showImageEffects":true,"showParticleSystems":true},"in2DMode":false,"pivot":{"x":8.283267974853516,"y":4.973569869995117,"z":8.403965950012207},"rotation":{"x":0.3025241196155548,"y":0.3771408200263977,"z":-0.1318448930978775,"w":0.8653686046600342},"size":14.769840240478516,"orthographic":false}